{
  "api": {
    "host": "0.0.0.0",
    "port": 8000
  },
  "masking": {
    "enabled": true,
    "platform": "auto",
    "logging": {
      "level": "INFO",
      "file": "logs/main.log"
    }
  },
  "profiles": {
    "data_dir": "lucid_profile_data",
    "default_age_days": 90
  },
  "linux": {
    "class": "TITAN",
    "ebpf": {
      "primary_interface": "eth0",
      "xdp_program": "ebpf/xdp_outbound.o"
    },
    "libfaketime": {
      "offset_days": -90,
      "cache_disabled": true
    }
  },
  "windows": {
    "class": "STEALTH",
    "time_spoofing": {
      "method": "dll_injection",
      "target_date": "auto"
    },
    "defender_exclusion": true,
    "firewall_rule": true
  }
}
